Name,Label,Canton_name
Aadorf,9,Zürich
Aarau,21,Aarau
Aarberg,5,Bern
Aarburg,6,Solothurn
Aarwangen,6,Solothurn
Abtwil,3,Luzern
Aclens,20,Lausanne
Acquarossa,25,Lugano
Adelboden,5,Bern
Adligenswil,3,Luzern
Adlikon,9,Zürich
Adliswil,9,Zürich
Aedermannsdorf,6,Solothurn
Aefligen,6,Solothurn
Aegerten,5,Bern
Aesch (BL),2,Basel
Aesch (LU),21,Aarau
Aesch (ZH),21,Aarau
Aeschi (SO),6,Solothurn
Aeschi bei Spiez,5,Bern
Aeugst am Albis,9,Zürich
Affeltrangen,19,Wil (SG)
Affoltern am Albis,21,Aarau
Affoltern im Emmental,5,Bern
Agarn,7,Sion
Agiez,20,Lausanne
Agno,25,Lugano
Aigle,7,Sion
Aire-la-Ville,8,Genève
Airolo,12,Altdorf (UR)
Alberswil,3,Luzern
Albinen,7,Sion
Albula/Alvra,11,Chur
Alchenstorf,6,Solothurn
Allaman,20,Lausanne
Alle,14,Delémont
Allmendingen,5,Bern
Allschwil,2,Basel
Alpnach,3,Luzern
Alpthal,22,Rapperswil-Jona
Altbüron,3,Luzern
Altdorf (UR),12,Altdorf (UR)
Altendorf,22,Rapperswil-Jona
Alterswil,17,Fribourg
Altikon,9,Zürich
Altishofen,3,Luzern
Altnau,19,Wil (SG)
Alto Malcantone,25,Lugano
Altstätten,15,St. Gallen
Altwis,3,Luzern
Amden,15,St. Gallen
Amlikon-Bissegg,19,Wil (SG)
Ammerswil,21,Aarau
Amriswil,19,Wil (SG)
Amsoldingen,5,Bern
Andeer,11,Chur
Andelfingen,9,Zürich
Andermatt,12,Altdorf (UR)
Andiast,11,Chur
Andwil (SG),15,St. Gallen
Anières,8,Genève
Anniviers,7,Sion
Anwil,2,Basel
Appenzell,15,St. Gallen
Apples,20,Lausanne
Aranno,25,Lugano
Arbaz,7,Sion
Arbedo-Castione,25,Lugano
Arboldswil,2,Basel
Arbon,15,St. Gallen
Arch,6,Solothurn
Arconciel,17,Fribourg
Ardon,7,Sion
Arisdorf,2,Basel
Aristau,21,Aarau
Arlesheim,2,Basel
Arnex-sur-Nyon,20,Lausanne
Arnex-sur-Orbe,20,Lausanne
Arni (AG),21,Aarau
Arni (BE),5,Bern
Arogno,25,Lugano
Arosa,11,Chur
Arth,3,Luzern
Arzier-Le Muids,20,Lausanne
Ascona,25,Lugano
Assens,20,Lausanne
Astano,25,Lugano
Attalens,20,Lausanne
Attelwil,21,Aarau
Attinghausen,12,Altdorf (UR)
Attiswil,6,Solothurn
Au (SG),15,St. Gallen
Aubonne,20,Lausanne
Auboranges,20,Lausanne
Auenstein,21,Aarau
Augst,2,Basel
Ausserberg,7,Sion
Auswil,5,Bern
Autafond,17,Fribourg
Autigny,17,Fribourg
Auw,3,Luzern
Avegno Gordevio,25,Lugano
Avenches,17,Fribourg
Avers,11,Chur
Avry,17,Fribourg
Avully,8,Genève
Avusy,8,Genève
Ayent,7,Sion
Baar,9,Zürich
Bachenbülach,9,Zürich
Bachs,9,Zürich
Bad Ragaz,11,Chur
Bad Zurzach,21,Aarau
Baden,21,Aarau
Bagnes,7,Sion
Baldingen,21,Aarau
Balerna,25,Lugano
Balgach,15,St. Gallen
Ballaigues,20,Lausanne
Ballens,20,Lausanne
Ballwil,3,Luzern
Balm bei Günsberg,6,Solothurn
Balsthal,6,Solothurn
Baltschieder,7,Sion
Bangerten,5,Bern
Bannwil,6,Solothurn
Barberêche,17,Fribourg
Bardonnex,8,Genève
Bargen (BE),5,Bern
Bargen (SH),18,Schaffhausen
Bas-Intyamon,17,Fribourg
Bas-Vully,17,Fribourg
Basadingen-Schlattingen,18,Schaffhausen
Basel,2,Basel
Basse-Allaine,14,Delémont
Bassersdorf,9,Zürich
Bassins,20,Lausanne
Bauen,12,Altdorf (UR)
Baulmes,20,Lausanne
Bauma,9,Zürich
Bavois,20,Lausanne
Beatenberg,5,Bern
Beckenried,3,Luzern
Bedano,25,Lugano
Bedigliora,25,Lugano
Bedretto,12,Altdorf (UR)
Beggingen,18,Schaffhausen
Begnins,20,Lausanne
Beinwil (Freiamt),3,Luzern
Beinwil (SO),6,Solothurn
Beinwil am See,21,Aarau
Belfaux,17,Fribourg
Bellach,6,Solothurn
Bellevue,8,Genève
Bellikon,9,Zürich
Bellinzona,25,Lugano
Bellmund,5,Bern
Bellwald,7,Sion
Belmont-sur-Lausanne,20,Lausanne
Belmont-sur-Yverdon,20,Lausanne
Belp,5,Bern
Belprahon,14,Delémont
Benken (SG),15,St. Gallen
Benken (ZH),9,Zürich
Bennwil,2,Basel
Bercher,20,Lausanne
Berg (SG),15,St. Gallen
Berg (TG),19,Wil (SG)
Berg am Irchel,9,Zürich
Bergdietikon,9,Zürich
Bergün/Bravuogn,11,Chur
Berikon,21,Aarau
Beringen,18,Schaffhausen
Berken,6,Solothurn
Berlingen,19,Wil (SG)
Bern,5,Bern
Berneck,15,St. Gallen
Bernex,8,Genève
Berolle,20,Lausanne
Beromünster,3,Luzern
Besenbüren,21,Aarau
Bettenhausen,6,Solothurn
Bettens,20,Lausanne
Bettingen,2,Basel
Bettlach,6,Solothurn
Bettmeralp,7,Sion
Bettwiesen,19,Wil (SG)
Bettwil,21,Aarau
Beurnevésin,14,Delémont
Bevaix,23,La Chaux-de-Fonds
Bever,11,Chur
Bex,7,Sion
Biasca,25,Lugano
Biberist,6,Solothurn
Biberstein,21,Aarau
Bichelsee-Balterswil,19,Wil (SG)
Biel-Benken,2,Basel
Biel/Bienne,5,Bern
Biezwil,6,Solothurn
Biglen,5,Bern
Billens-Hennens,17,Fribourg
Binn,7,Sion
Binningen,2,Basel
Bioggio,25,Lugano
Bioley-Magnoux,20,Lausanne
Bioley-Orjulaz,20,Lausanne
Birmensdorf (ZH),9,Zürich
Birmenstorf (AG),21,Aarau
Birr,21,Aarau
Birrhard,21,Aarau
Birrwil,21,Aarau
Birsfelden,2,Basel
Birwinken,19,Wil (SG)
Bischofszell,19,Wil (SG)
Bissone,25,Lugano
Bister,7,Sion
Bitsch,7,Sion
Bivio,11,Chur
Bière,20,Lausanne
Blatten,7,Sion
Blauen,2,Basel
Bleienbach,5,Bern
Blenio,25,Lugano
Blitzingen,7,Sion
Blonay,20,Lausanne
Blumenstein,5,Bern
Bodio,25,Lugano
Bofflens,20,Lausanne
Bogis-Bossey,20,Lausanne
Bolken,6,Solothurn
Bolligen,5,Bern
Boltigen,5,Bern
Bonaduz,11,Chur
Boncourt,14,Delémont
Bonfol,14,Delémont
Boningen,6,Solothurn
Boniswil,21,Aarau
Bonstetten,9,Zürich
Bonvillars,23,La Chaux-de-Fonds
Boppelsen,9,Zürich
Borex,20,Lausanne
Bosco/Gurin,25,Lugano
Bossonnens,20,Lausanne
Boswil,21,Aarau
Bottens,20,Lausanne
Bottenwil,21,Aarau
Botterens,17,Fribourg
Bottighofen,19,Wil (SG)
Bottmingen,2,Basel
Boudry,23,La Chaux-de-Fonds
Bougy-Villars,20,Lausanne
Boulens,20,Lausanne
Bourg-Saint-Pierre,7,Sion
Bourg-en-Lavaux,20,Lausanne
Bournens,20,Lausanne
Bourrignon,14,Delémont
Boussens,20,Lausanne
Bovernier,7,Sion
Bowil,5,Bern
Boécourt,14,Delémont
Braunau,19,Wil (SG)
Bregaglia,11,Chur
Breggia,25,Lugano
Breil/Brigels,11,Chur
Breitenbach,2,Basel
Bremblens,20,Lausanne
Bremgarten (AG),21,Aarau
Bremgarten bei Bern,5,Bern
Brenles,17,Fribourg
Brenzikofen,5,Bern
Bretigny-sur-Morrens,20,Lausanne
Bretonnières,20,Lausanne
Bretzwil,2,Basel
Brienz (BE),5,Bern
Brienzwiler,5,Bern
Brig-Glis,7,Sion
Brione (Verzasca),25,Lugano
Brione sopra Minusio,25,Lugano
Brislach,2,Basel
Brissago,25,Lugano
Brittnau,6,Solothurn
Broc,17,Fribourg
Brot-Dessous,23,La Chaux-de-Fonds
Brot-Plamboz,23,La Chaux-de-Fonds
Brugg,21,Aarau
Brunegg,21,Aarau
Brusino Arsizio,25,Lugano
Brusio,11,Chur
Brügg,5,Bern
Brünisried,17,Fribourg
Brüttelen,5,Bern
Brütten,9,Zürich
Bubendorf,2,Basel
Bubikon,9,Zürich
Buch (SH),19,Wil (SG)
Buch am Irchel,9,Zürich
Buchberg,9,Zürich
Buchegg,6,Solothurn
Buchholterberg,5,Bern
Buchillon,20,Lausanne
Buchrain,3,Luzern
Buchs (AG),21,Aarau
Buchs (SG),15,St. Gallen
Buchs (ZH),9,Zürich
Buckten,2,Basel
Bulle,17,Fribourg
Bullet,20,Lausanne
Buochs,3,Luzern
Bure,14,Delémont
Burg (AG),21,Aarau
Burg im Leimental,2,Basel
Burgdorf,5,Bern
Burgistein,5,Bern
Bursinel,20,Lausanne
Bursins,20,Lausanne
Burtigny,20,Lausanne
Buseno,25,Lugano
Bussigny,20,Lausanne
Bussnang,19,Wil (SG)
Busswil bei Melchnau,5,Bern
Bussy (FR),17,Fribourg
Bussy-Chardonney,20,Lausanne
Bussy-sur-Moudon,20,Lausanne
Buttisholz,3,Luzern
Buttwil,21,Aarau
Buus,2,Basel
Bäretswil,9,Zürich
Bäriswil,5,Bern
Bärschwil,2,Basel
Bätterkinden,6,Solothurn
Bättwil,2,Basel
Böbikon,21,Aarau
Böckten,2,Basel
Bönigen,5,Bern
Bösingen,17,Fribourg
Böttstein,21,Aarau
Bözberg,21,Aarau
Bözen,21,Aarau
Büetigen,5,Bern
Bühl,5,Bern
Bühler,15,St. Gallen
Bülach,9,Zürich
Bünzen,21,Aarau
Bürchen,7,Sion
Büren (SO),2,Basel
Büren an der Aare (Urne commune),5,Bern
Bürglen (TG),19,Wil (SG)
Bürglen (UR),12,Altdorf (UR)
Büron,3,Luzern
Büsserach,2,Basel
Bütschwil-Ganterschwil,15,St. Gallen
Büttenhardt,18,Schaffhausen
Büttikon,21,Aarau
Cademario,25,Lugano
Cadempino,25,Lugano
Cadenazzo,25,Lugano
Calanca,25,Lugano
Cama,25,Lugano
Camorino,25,Lugano
Campo (Vallemaggia),25,Lugano
Canobbio,25,Lugano
Capriasca,25,Lugano
Carouge (GE),8,Genève
Carrouge (VD),20,Lausanne
Cartigny,8,Genève
Caslano,25,Lugano
Castaneda,25,Lugano
Castel San Pietro,25,Lugano
Casti-Wergenstein,11,Chur
Cazis,11,Chur
Celerina/Schlarigna,11,Chur
Centovalli,25,Lugano
Cerentino,25,Lugano
Cevio,25,Lugano
Chalais,7,Sion
Cham,9,Zürich
Chamblon,20,Lausanne
Chamoson,7,Sion
Champagne,20,Lausanne
Champoz,14,Delémont
Champtauroz,17,Fribourg
Champvent,20,Lausanne
Champéry,7,Sion
Chancy,8,Genève
Chapelle (Glâne),20,Lausanne
Chardonne,20,Lausanne
Charrat,7,Sion
Chavannes-de-Bogis,20,Lausanne
Chavannes-des-Bois,20,Lausanne
Chavannes-le-Chêne,17,Fribourg
Chavannes-le-Veyron,20,Lausanne
Chavannes-près-Renens,20,Lausanne
Chavannes-sur-Moudon,20,Lausanne
Chavornay,20,Lausanne
Cheiry,20,Lausanne
Chermignon,7,Sion
Chesalles-sur-Moudon,17,Fribourg
Cheseaux-Noréaz,20,Lausanne
Cheseaux-sur-Lausanne,20,Lausanne
Chessel,7,Sion
Chevilly,20,Lausanne
Chevroux,17,Fribourg
Chexbres,20,Lausanne
Cheyres,17,Fribourg
Chiasso,25,Lugano
Chigny,20,Lausanne
Chippis,7,Sion
Choulex,8,Genève
Chur,11,Chur
Churwalden,11,Chur
Châbles,17,Fribourg
Château-d'Oex,17,Fribourg
Châtel-Saint-Denis,20,Lausanne
Châtel-sur-Montsalvens,17,Fribourg
Châtillon (FR),17,Fribourg
Châtillon (JU),14,Delémont
Châtonnaye,17,Fribourg
Chénens,17,Fribourg
Chéserex,20,Lausanne
Chésopelloz,17,Fribourg
Chêne-Bougeries,8,Genève
Chêne-Bourg,8,Genève
Chêne-Pâquier,17,Fribourg
Clarmont,20,Lausanne
Claro,25,Lugano
Clavaleyres (Urne commune),17,Fribourg
Clos du Doubs,14,Delémont
Coeuve,14,Delémont
Coinsins,20,Lausanne
Coldrerio,25,Lugano
Collex-Bossy,8,Genève
Collina d'Oro,25,Lugano
Collombey-Muraz,7,Sion
Collonge-Bellerive,8,Genève
Collonges,7,Sion
Cologny,8,Genève
Comano,25,Lugano
Commugny,20,Lausanne
Concise,23,La Chaux-de-Fonds
Confignon,8,Genève
Conters im Prättigau,11,Chur
Conthey,7,Sion
Coppet,20,Lausanne
Corban,2,Basel
Corbeyrier,7,Sion
Corbières,17,Fribourg
Corcelles (BE),6,Solothurn
Corcelles-Cormondrèche,23,La Chaux-de-Fonds
Corcelles-le-Jorat,20,Lausanne
Corcelles-près-Concise,23,La Chaux-de-Fonds
Corcelles-près-Payerne,17,Fribourg
Corcelles-sur-Chavornay,20,Lausanne
Corgémont,14,Delémont
Corippo,25,Lugano
Corminboeuf,17,Fribourg
Cormoret,14,Delémont
Cornaux,23,La Chaux-de-Fonds
Cornol,14,Delémont
Corpataux-Magnedens,17,Fribourg
Corseaux,20,Lausanne
Corserey,17,Fribourg
Corsier (GE),8,Genève
Corsier-sur-Vevey,20,Lausanne
Cortaillod,23,La Chaux-de-Fonds
Cortébert,14,Delémont
Cossonay,20,Lausanne
Cottens (FR),17,Fribourg
Cottens (VD),20,Lausanne
Courchapoix,2,Basel
Courchavon,14,Delémont
Courgenay,14,Delémont
Courgevaux,17,Fribourg
Courlevon,17,Fribourg
Courrendlin,14,Delémont
Courroux,14,Delémont
Court,6,Solothurn
Courtedoux,14,Delémont
Courtelary,14,Delémont
Courtepin,17,Fribourg
Courtételle,14,Delémont
Crans-près-Céligny,20,Lausanne
Crassier,20,Lausanne
Cremin,20,Lausanne
Cresciano,25,Lugano
Cressier (FR),17,Fribourg
Cressier (NE),23,La Chaux-de-Fonds
Crissier,20,Lausanne
Croglio,25,Lugano
Cronay,20,Lausanne
Croy,20,Lausanne
Crémines,14,Delémont
Crésuz,17,Fribourg
Cuarnens,20,Lausanne
Cuarny,20,Lausanne
Cudrefin,17,Fribourg
Cugnasco-Gerra,25,Lugano
Cugy (FR),17,Fribourg
Cugy (VD),20,Lausanne
Cunter,11,Chur
Cureglia,25,Lugano
Curio,25,Lugano
Curtilles,17,Fribourg
Céligny,20,Lausanne
Dachsen,9,Zürich
Dagmersellen,3,Luzern
Daillens,20,Lausanne
Dallenwil,3,Luzern
Dalpe,25,Lugano
Damphreux,14,Delémont
Dardagny,8,Genève
Davos,11,Chur
Degersheim,15,St. Gallen
Deisswil bei Münchenbuchsee (Urne commune),5,Bern
Deitingen,6,Solothurn
Delley-Portalban,17,Fribourg
Delémont,14,Delémont
Denens,20,Lausanne
Denges,20,Lausanne
Densbüren,21,Aarau
Derendingen,6,Solothurn
Develier,14,Delémont
Diegten,2,Basel
Dielsdorf,9,Zürich
Diemerswil,5,Bern
Diemtigen,5,Bern
Diepflingen,2,Basel
Diepoldsau,15,St. Gallen
Dierikon,3,Luzern
Diessbach bei Büren,5,Bern
Diessenhofen,18,Schaffhausen
Dietikon,9,Zürich
Dietlikon,9,Zürich
Dietwil,3,Luzern
Dinhard,9,Zürich
Dintikon,21,Aarau
Disentis/Mustér,11,Chur
Dittingen,2,Basel
Dizy,20,Lausanne
Domat/Ems,11,Chur
Domdidier,17,Fribourg
Domleschg,11,Chur
Dompierre (FR),17,Fribourg
Dompierre (VD),17,Fribourg
Donat,11,Chur
Donneloye,20,Lausanne
Doppleschwand,3,Luzern
Dorf,9,Zürich
Dornach,2,Basel
Dorénaz,7,Sion
Dottikon,21,Aarau
Dotzigen,5,Bern
Dozwil,19,Wil (SG)
Drei Höfe,6,Solothurn
Duggingen,2,Basel
Duillier,20,Lausanne
Dulliken,21,Aarau
Dully,20,Lausanne
Dägerlen,9,Zürich
Dällikon,9,Zürich
Däniken,21,Aarau
Dänikon,9,Zürich
Därligen,5,Bern
Därstetten,5,Bern
Dättlikon,9,Zürich
Démoret,20,Lausanne
Dörflingen,18,Schaffhausen
Döttingen,21,Aarau
Dübendorf,9,Zürich
Düdingen,17,Fribourg
Dürnten,9,Zürich
Dürrenroth,5,Bern
Dürrenäsch,21,Aarau
Ebersecken,3,Luzern
Ebikon,3,Luzern
Ebnat-Kappel,15,St. Gallen
Echallens,20,Lausanne
Echandens,20,Lausanne
Echarlens,17,Fribourg
Echichens,20,Lausanne
Eclépens,20,Lausanne
Ecublens (FR),20,Lausanne
Ecublens (VD),20,Lausanne
Ederswiler,14,Delémont
Effingen,21,Aarau
Egerkingen,6,Solothurn
Egg,9,Zürich
Eggenwil,21,Aarau
Eggerberg,7,Sion
Eggersriet,15,St. Gallen
Eggiwil,5,Bern
Eglisau,9,Zürich
Egliswil,21,Aarau
Egnach,19,Wil (SG)
Egolzwil,3,Luzern
Ehrendingen,21,Aarau
Eich,3,Luzern
Eichberg,15,St. Gallen
Eiken,21,Aarau
Einsiedeln,22,Rapperswil-Jona
Eischoll,7,Sion
Eisten,7,Sion
Elfingen,21,Aarau
Elgg,9,Zürich
Ellikon an der Thur,9,Zürich
Elsau,9,Zürich
Embd,7,Sion
Embrach,9,Zürich
Emmen,3,Luzern
Emmetten,22,Rapperswil-Jona
Endingen,21,Aarau
Engelberg,12,Altdorf (UR)
Enges,23,La Chaux-de-Fonds
Ennetbaden,21,Aarau
Ennetbürgen,3,Luzern
Ennetmoos,3,Luzern
Entlebuch,3,Luzern
Epalinges,20,Lausanne
Ependes (FR),17,Fribourg
Ependes (VD),20,Lausanne
Eppenberg-Wöschnau,21,Aarau
Epsach,5,Bern
Eptingen,2,Basel
Ergisch,7,Sion
Eriswil,5,Bern
Eriz,5,Bern
Erlach,5,Bern
Erlen,19,Wil (SG)
Erlenbach (ZH),9,Zürich
Erlenbach im Simmental,5,Bern
Erlinsbach (AG),21,Aarau
Erlinsbach (SO),21,Aarau
Ermatingen,19,Wil (SG)
Ermensee,3,Luzern
Ernen,7,Sion
Erschwil,2,Basel
Ersigen (Urne commune),6,Solothurn
Erstfeld,12,Altdorf (UR)
Eschenbach (LU),3,Luzern
Eschenbach (SG),15,St. Gallen
Eschenz,19,Wil (SG)
Eschert,14,Delémont
Eschlikon,19,Wil (SG)
Escholzmatt-Marbach,5,Bern
Essert-Pittet,20,Lausanne
Essertes,20,Lausanne
Essertines-sur-Rolle,20,Lausanne
Essertines-sur-Yverdon,20,Lausanne
Estavayer-le-Lac,17,Fribourg
Etagnières,20,Lausanne
Etoy,20,Lausanne
Ettingen,2,Basel
Ettiswil,3,Luzern
Etziken,6,Solothurn
Evilard,5,Bern
Evionnaz,7,Sion
Evolène,7,Sion
Eysins,20,Lausanne
Fahrni,5,Bern
Fahrwangen,21,Aarau
Fahy,14,Delémont
Faido,25,Lugano
Falera,11,Chur
Faoug,17,Fribourg
Farnern,6,Solothurn
Farvagny,17,Fribourg
Fehraltorf,9,Zürich
Fehren,2,Basel
Felben-Wellhausen,19,Wil (SG)
Feldbrunnen-St. Niklaus,6,Solothurn
Felsberg,11,Chur
Ferden,7,Sion
Ferenbalm,17,Fribourg
Ferlens (VD),20,Lausanne
Ferpicloz,17,Fribourg
Ferrera,11,Chur
Ferreyres,20,Lausanne
Feuerthalen,18,Schaffhausen
Feusisberg,22,Rapperswil-Jona
Fey,20,Lausanne
Fideris,11,Chur
Fiesch,7,Sion
Fieschertal,7,Sion
Fiez,20,Lausanne
Filisur,11,Chur
Finhaut,7,Sion
Finsterhennen,5,Bern
Fischbach,3,Luzern
Fischbach-Göslikon,21,Aarau
Fischenthal,9,Zürich
Fischingen,9,Zürich
Fisibach,9,Zürich
Fislisbach,21,Aarau
Flaach,9,Zürich
Flawil,15,St. Gallen
Flerden,11,Chur
Flims,11,Chur
Flumenthal,6,Solothurn
Flums,15,St. Gallen
Flurlingen,18,Schaffhausen
Fläsch,15,St. Gallen
Flüelen,12,Altdorf (UR)
Flühli,3,Luzern
Fontaines-sur-Grandson,20,Lausanne
Fontenais,14,Delémont
Forel (Lavaux),20,Lausanne
Forel-sur-Lucens,20,Lausanne
Forst-Längenbühl,5,Bern
Founex,20,Lausanne
Frasco,25,Lugano
Fraubrunnen,6,Solothurn
Frauenfeld,9,Zürich
Frauenkappelen,5,Bern
Freienbach,22,Rapperswil-Jona
Freienstein-Teufen,9,Zürich
Freienwil,21,Aarau
Freimettigen,5,Bern
Frenkendorf,2,Basel
Fresens,23,La Chaux-de-Fonds
Fribourg,17,Fribourg
Frick,21,Aarau
Froideville,20,Lausanne
Frutigen,5,Bern
Fräschels,5,Bern
Fulenbach,6,Solothurn
Full-Reuenthal,21,Aarau
Fully,7,Sion
Furna,11,Chur
Fällanden,9,Zürich
Féchy,20,Lausanne
Fétigny,17,Fribourg
Füllinsdorf,2,Basel
Fürstenau,11,Chur
Gachnang,9,Zürich
Gais,15,St. Gallen
Gaiserwald,15,St. Gallen
Galgenen,22,Rapperswil-Jona
Galmiz,17,Fribourg
Gals,23,La Chaux-de-Fonds
Gambarogno,25,Lugano
Gampel-Bratsch,7,Sion
Gampelen,5,Bern
Gams,15,St. Gallen
Gansingen,21,Aarau
Gebenstorf,21,Aarau
Gelterfingen,5,Bern
Gelterkinden,2,Basel
Geltwil,3,Luzern
Gempen,2,Basel
Gempenach,17,Fribourg
Genolier,20,Lausanne
Genthod,8,Genève
Genève,8,Genève
Gerlafingen,6,Solothurn
Geroldswil,9,Zürich
Gersau,3,Luzern
Gerzensee,5,Bern
Gettnau,3,Luzern
Geuensee,3,Luzern
Giebenach,2,Basel
Giez,20,Lausanne
Giffers,17,Fribourg
Gilly,20,Lausanne
Gimel,20,Lausanne
Gingins,20,Lausanne
Giornico,25,Lugano
Gipf-Oberfrick,21,Aarau
Gisikon,3,Luzern
Giswil,3,Luzern
Giubiasco,25,Lugano
Givisiez,17,Fribourg
Givrins,20,Lausanne
Gland,20,Lausanne
Glarus,24,Glarus
Glarus Nord,15,St. Gallen
Glarus Süd,11,Chur
Glattfelden,9,Zürich
Gletterens,17,Fribourg
Gnosca,25,Lugano
Golaten,5,Bern
Goldach,15,St. Gallen
Gollion,20,Lausanne
Gommiswald,15,St. Gallen
Gondiswil,5,Bern
Gonten,15,St. Gallen
Gontenschwil,21,Aarau
Gordola,25,Lugano
Gorduno,25,Lugano
Gorgier,23,La Chaux-de-Fonds
Gossau (SG),15,St. Gallen
Gossau (ZH),9,Zürich
Gottlieben,19,Wil (SG)
Goumoëns,20,Lausanne
Graben,6,Solothurn
Grabs,15,St. Gallen
Grafschaft,7,Sion
Grancia,25,Lugano
Grancy,20,Lausanne
Grandcour,17,Fribourg
Grandevent,20,Lausanne
Grandfontaine,14,Delémont
Grandson,20,Lausanne
Grandval,14,Delémont
Grandvillard,17,Fribourg
Granges (Veveyse),20,Lausanne
Granges-Paccot,17,Fribourg
Grangettes,17,Fribourg
Gravesano,25,Lugano
Greifensee,9,Zürich
Grellingen,2,Basel
Grenchen,6,Solothurn
Greng,17,Fribourg
Grengiols,7,Sion
Grens,20,Lausanne
Greppen,3,Luzern
Gresso,25,Lugano
Gretzenbach,21,Aarau
Grimisuat,7,Sion
Grindel,2,Basel
Grindelwald,5,Bern
Grolley,17,Fribourg
Grono,25,Lugano
Grossaffoltern,5,Bern
Grossdietwil,3,Luzern
Grosshöchstetten,5,Bern
Grosswangen,3,Luzern
Grub (AR),15,St. Gallen
Gruyères,17,Fribourg
Gryon,7,Sion
Grächen,7,Sion
Gränichen,21,Aarau
Grône,7,Sion
Grüningen,9,Zürich
Grüsch,11,Chur
Gsteig,7,Sion
Gsteigwiler,5,Bern
Gudo,25,Lugano
Guggisberg,17,Fribourg
Gunzgen,2,Basel
Gurbrü,5,Bern
Gurmels,17,Fribourg
Gurtnellen,12,Altdorf (UR)
Gurzelen,5,Bern
Guttannen,12,Altdorf (UR)
Guttet-Feschel,7,Sion
Gy,8,Genève
Gächlingen,18,Schaffhausen
Gänsbrunnen,6,Solothurn
Göschenen,12,Altdorf (UR)
Gündlischwand,5,Bern
Günsberg,6,Solothurn
Güttingen,19,Wil (SG)
Habkern,5,Bern
Habsburg,21,Aarau
Hagenbuch,9,Zürich
Hagneck,5,Bern
Haldenstein,11,Chur
Hallau,18,Schaffhausen
Hallwil,21,Aarau
Halten,6,Solothurn
Hasle (LU),3,Luzern
Hasle bei Burgdorf,5,Bern
Hasliberg,5,Bern
Hauenstein-Ifenthal,2,Basel
Hauptwil-Gottshaus,19,Wil (SG)
Hausen (AG),21,Aarau
Hausen am Albis,9,Zürich
Haut-Intyamon,17,Fribourg
Haut-Vully,17,Fribourg
Haute-Ajoie,14,Delémont
Haute-Sorne,14,Delémont
Hauterive (FR),17,Fribourg
Hauterive (NE),23,La Chaux-de-Fonds
Hauteville,17,Fribourg
Hedingen,21,Aarau
Hefenhofen,19,Wil (SG)
Heiden,15,St. Gallen
Heiligenschwendi,5,Bern
Heimberg,5,Bern
Heimenhausen,6,Solothurn
Heimiswil,5,Bern
Heitenried,5,Bern
Hellikon,2,Basel
Hellsau (Urne commune),6,Solothurn
Hemberg,15,St. Gallen
Hemishofen,19,Wil (SG)
Hemmiken,2,Basel
Hendschiken,21,Aarau
Henggart,9,Zürich
Henniez,17,Fribourg
Herbetswil,6,Solothurn
Herbligen,5,Bern
Herdern,19,Wil (SG)
Hergiswil (NW),3,Luzern
Hergiswil bei Willisau,5,Bern
Herisau,15,St. Gallen
Hermance,8,Genève
Hermenches,20,Lausanne
Hermiswil,6,Solothurn
Hermrigen,5,Bern
Herrliberg,9,Zürich
Hersberg,2,Basel
Herznach,21,Aarau
Herzogenbuchsee,6,Solothurn
Hettlingen,9,Zürich
Hildisrieden,3,Luzern
Hilterfingen,5,Bern
Himmelried,2,Basel
Hindelbank,5,Bern
Hinterrhein,25,Lugano
Hinwil,9,Zürich
Hirschthal,21,Aarau
Hirzel,9,Zürich
Hittnau,9,Zürich
Hitzkirch,3,Luzern
Hochdorf,3,Luzern
Hochfelden,9,Zürich
Hochwald,2,Basel
Hofstetten (ZH),9,Zürich
Hofstetten bei Brienz,10,Hofstetten bei Brienz
Hofstetten-Flüh,2,Basel
Hohenrain,3,Luzern
Hohentannen,19,Wil (SG)
Holderbank (AG),21,Aarau
Holderbank (SO),6,Solothurn
Holziken,21,Aarau
Homberg,5,Bern
Hombrechtikon,9,Zürich
Homburg,19,Wil (SG)
Honau,3,Luzern
Horgen,9,Zürich
Horn,15,St. Gallen
Hornussen,21,Aarau
Horrenbach-Buchen,5,Bern
Horriwil,6,Solothurn
Horw,3,Luzern
Hospental,12,Altdorf (UR)
Hubersdorf,6,Solothurn
Humlikon,9,Zürich
Hundwil,15,St. Gallen
Hunzenschwil,21,Aarau
Huttwil,5,Bern
Häfelfingen,2,Basel
Hägendorf,2,Basel
Häggenschwil,19,Wil (SG)
Hägglingen,21,Aarau
Härkingen,6,Solothurn
Häutligen,5,Bern
Hérémence,7,Sion
Höchstetten (Urne commune),6,Solothurn
Hölstein,2,Basel
Höri,9,Zürich
Hünenberg,3,Luzern
Hüniken,6,Solothurn
Hüntwangen,9,Zürich
Hütten,22,Rapperswil-Jona
Hüttikon,9,Zürich
Hüttlingen,19,Wil (SG)
Hüttwilen,19,Wil (SG)
Icogne,7,Sion
Iffwil,5,Bern
Ilanz/Glion,11,Chur
Illgau,22,Rapperswil-Jona
Illnau-Effretikon,9,Zürich
Inden,7,Sion
Ingenbohl,22,Rapperswil-Jona
Inkwil,6,Solothurn
Innerthal,22,Rapperswil-Jona
Innertkirchen,5,Bern
Ins,5,Bern
Interlaken,5,Bern
Inwil,3,Luzern
Ipsach,5,Bern
Iragna,25,Lugano
Iseltwald,5,Bern
Isenthal,12,Altdorf (UR)
Islisberg,21,Aarau
Isone,25,Lugano
Isorno,25,Lugano
Isérables,7,Sion
Itingen,2,Basel
Ittigen,5,Bern
Jaberg (Urne commune),5,Bern
Jaun,17,Fribourg
Jegenstorf,5,Bern
Jenaz,11,Chur
Jenins,11,Chur
Jens,5,Bern
Jeuss,17,Fribourg
Jonen,21,Aarau
Jongny,20,Lausanne
Jonschwil,19,Wil (SG)
Jorat-Menthue,20,Lausanne
Jouxtens-Mézery,20,Lausanne
Juriens,20,Lausanne
Jussy,8,Genève
Kaiseraugst,2,Basel
Kaiserstuhl,9,Zürich
Kaisten,21,Aarau
Kallern,21,Aarau
Kallnach,5,Bern
Kaltbrunn,15,St. Gallen
Kammersrohr,6,Solothurn
Kandergrund,5,Bern
Kandersteg,5,Bern
Kappel (SO),2,Basel
Kappel am Albis,9,Zürich
Kappelen,5,Bern
Kaufdorf,5,Bern
Kehrsatz,5,Bern
Kemmental,19,Wil (SG)
Kernenried,5,Bern
Kerns,3,Luzern
Kerzers,5,Bern
Kesswil,19,Wil (SG)
Kestenholz,6,Solothurn
Kienberg,21,Aarau
Kiesen,5,Bern
Kilchberg (BL),2,Basel
Kilchberg (ZH),9,Zürich
Killwangen,9,Zürich
Kippel,7,Sion
Kirchberg (BE),6,Solothurn
Kirchberg (SG),19,Wil (SG)
Kirchdorf (BE) (Urne commune),5,Bern
Kirchenthurnen,5,Bern
Kirchleerau,21,Aarau
Kirchlindach,5,Bern
Kleinandelfingen,9,Zürich
Kleinbösingen,17,Fribourg
Kleinlützel,2,Basel
Klingnau,21,Aarau
Klosters-Serneus,11,Chur
Kloten,9,Zürich
Knonau,9,Zürich
Knutwil,3,Luzern
Koblenz,21,Aarau
Konolfingen,5,Bern
Koppigen,6,Solothurn
Kradolf-Schönenberg,19,Wil (SG)
Krattigen,5,Bern
Krauchthal,5,Bern
Kreuzlingen,19,Wil (SG)
Kriechenwil,17,Fribourg
Kriegstetten,6,Solothurn
Kriens,3,Luzern
Kyburg,9,Zürich
Känerkinden,2,Basel
Kölliken,21,Aarau
Köniz,5,Bern
Küblis,11,Chur
Künten,21,Aarau
Küsnacht (ZH),9,Zürich
Küssnacht (SZ),3,Luzern
Küttigen,21,Aarau
L'Abbaye,20,Lausanne
L'Abergement,20,Lausanne
L'Isle,20,Lausanne
La Baroche,14,Delémont
La Brillaz,17,Fribourg
La Brévine,23,La Chaux-de-Fonds
La Chaux (Cossonay),20,Lausanne
La Chaux-de-Fonds,23,La Chaux-de-Fonds
La Chaux-des-Breuleux,14,Delémont
La Chaux-du-Milieu,23,La Chaux-de-Fonds
La Côte-aux-Fées,23,La Chaux-de-Fonds
La Ferrière,23,La Chaux-de-Fonds
La Folliaz,17,Fribourg
La Neuveville,23,La Chaux-de-Fonds
La Praz,20,Lausanne
La Punt-Chamues-ch,11,Chur
La Rippe,20,Lausanne
La Roche,17,Fribourg
La Sagne,23,La Chaux-de-Fonds
La Sarraz,20,Lausanne
La Sonnaz,17,Fribourg
La Tour-de-Peilz,20,Lausanne
La Tène,23,La Chaux-de-Fonds
La Verrerie,17,Fribourg
Laax,11,Chur
Lachen,22,Rapperswil-Jona
Laconnex,8,Genève
Lajoux (JU),14,Delémont
Lalden,7,Sion
Lamone,25,Lugano
Lampenberg,2,Basel
Lancy,8,Genève
Landiswil,5,Bern
Landquart,11,Chur
Langenbruck,2,Basel
Langendorf,6,Solothurn
Langenthal,5,Bern
Langnau am Albis,9,Zürich
Langnau im Emmental,5,Bern
Langrickenbach,19,Wil (SG)
Lantsch/Lenz,11,Chur
Lauenen,7,Sion
Lauerz,22,Rapperswil-Jona
Laufen,2,Basel
Laufen-Uhwiesen,18,Schaffhausen
Laufenburg,21,Aarau
Laupen,17,Fribourg
Laupersdorf,6,Solothurn
Lauperswil,5,Bern
Lausanne,20,Lausanne
Lausen,2,Basel
Lauterbrunnen,5,Bern
Lauwil,2,Basel
Lavertezzo,25,Lugano
Lavey-Morcles,7,Sion
Lavigny,20,Lausanne
Lavizzara,25,Lugano
Lax,7,Sion
Le Bémont (JU),14,Delémont
Le Cerneux-Péquignot,23,La Chaux-de-Fonds
Le Chenit,20,Lausanne
Le Châtelard,17,Fribourg
Le Flon,20,Lausanne
Le Glèbe,17,Fribourg
Le Grand-Saconnex,8,Genève
Le Landeron,23,La Chaux-de-Fonds
Le Lieu,20,Lausanne
Le Locle,23,La Chaux-de-Fonds
Le Mont-sur-Lausanne,20,Lausanne
Le Mouret,17,Fribourg
Le Noirmont,14,Delémont
Le Pâquier (FR),17,Fribourg
Le Vaud,20,Lausanne
Leggia,25,Lugano
Leibstadt,21,Aarau
Leimbach (AG),21,Aarau
Leissigen,5,Bern
Lengnau (AG),21,Aarau
Lengnau (BE),5,Bern
Lengwil,19,Wil (SG)
Lenk,7,Sion
Lens,7,Sion
Lenzburg,21,Aarau
Les Agettes,7,Sion
Les Bois,23,La Chaux-de-Fonds
Les Brenets,23,La Chaux-de-Fonds
Les Breuleux,14,Delémont
Les Clées,20,Lausanne
Les Enfers,14,Delémont
Les Genevez (JU),14,Delémont
Les Montets,17,Fribourg
Les Planchettes,23,La Chaux-de-Fonds
Les Ponts-de-Martel,23,La Chaux-de-Fonds
Les Verrières,23,La Chaux-de-Fonds
Leuggern,21,Aarau
Leuk,7,Sion
Leukerbad,7,Sion
Leutwil,21,Aarau
Leuzigen,6,Solothurn
Leysin,7,Sion
Leytron,7,Sion
Lichtensteig,15,St. Gallen
Liddes,7,Sion
Liedertswil,2,Basel
Liesberg,2,Basel
Liestal,2,Basel
Ligerz,5,Bern
Lignerolle,20,Lausanne
Lignières,23,La Chaux-de-Fonds
Lindau,9,Zürich
Linden,5,Bern
Linescio,25,Lugano
Locarno,25,Lugano
Lodrino,25,Lugano
Lohn (GR),11,Chur
Lohn (SH),18,Schaffhausen
Lohn-Ammannsegg,6,Solothurn
Lohnstorf,5,Bern
Lommis,19,Wil (SG)
Lommiswil,6,Solothurn
Lonay,20,Lausanne
Longirod,20,Lausanne
Losone,25,Lugano
Lostallo,25,Lugano
Lostorf,2,Basel
Lotzwil,5,Bern
Lovatens,17,Fribourg
Loveresse,14,Delémont
Lucens,20,Lausanne
Lufingen,9,Zürich
Lugano,25,Lugano
Lugnez,14,Delémont
Luins,20,Lausanne
Lully (FR),17,Fribourg
Lully (VD),20,Lausanne
Lumino,25,Lugano
Lumnezia,11,Chur
Lungern,3,Luzern
Lupfig,21,Aarau
Lupsingen,2,Basel
Lurtigen,17,Fribourg
Lussery-Villars,20,Lausanne
Lussy-sur-Morges,20,Lausanne
Luterbach,6,Solothurn
Luthern,5,Bern
Lutry,20,Lausanne
Lutzenberg,15,St. Gallen
Luzein,11,Chur
Luzern,3,Luzern
Lyss,5,Bern
Lyssach,5,Bern
Läufelfingen,2,Basel
Léchelles,17,Fribourg
Löhningen,18,Schaffhausen
Lüscherz,5,Bern
Lüsslingen-Nennigkofen,6,Solothurn
Lüterkofen-Ichertswil,6,Solothurn
Lüterswil-Gächliwil,6,Solothurn
Lütisburg,15,St. Gallen
Lütschental,5,Bern
Lützelflüh,5,Bern
Madiswil,5,Bern
Madulain,11,Chur
Magden,2,Basel
Maggia,25,Lugano
Magliaso,25,Lugano
Maienfeld,11,Chur
Maisprach,2,Basel
Maladers,11,Chur
Malans,11,Chur
Malters,3,Luzern
Mammern,19,Wil (SG)
Mandach,21,Aarau
Manno,25,Lugano
Maracon,20,Lausanne
Marbach (SG),15,St. Gallen
Marchissy,20,Lausanne
Marly,17,Fribourg
Marmorera,11,Chur
Maroggia,25,Lugano
Marsens,17,Fribourg
Marthalen,9,Zürich
Martigny,7,Sion
Martigny-Combe,7,Sion
Maschwanden,9,Zürich
Masein,11,Chur
Massagno,25,Lugano
Massongex,7,Sion
Massonnens,17,Fribourg
Mathod,20,Lausanne
Mathon,11,Chur
Matran,17,Fribourg
Matten bei Interlaken,5,Bern
Mattstetten,5,Bern
Matzendorf,6,Solothurn
Matzingen,19,Wil (SG)
Mauborget,23,La Chaux-de-Fonds
Mauensee,3,Luzern
Maur,9,Zürich
Mauraz,20,Lausanne
Medel (Lucmagn),11,Chur
Meggen,3,Luzern
Meienried (Urne commune),5,Bern
Meierskappel,3,Luzern
Meikirch,5,Bern
Meilen,9,Zürich
Meinier,8,Genève
Meinisberg,5,Bern
Meiringen,5,Bern
Meisterschwanden,21,Aarau
Melano,25,Lugano
Melchnau,5,Bern
Melide,25,Lugano
Mellikon,21,Aarau
Mellingen,21,Aarau
Mels,15,St. Gallen
Meltingen,2,Basel
Mendrisio,25,Lugano
Menziken,21,Aarau
Menzingen,9,Zürich
Menznau,3,Luzern
Merenschwand,3,Luzern
Mergoscia,25,Lugano
Merishausen,18,Schaffhausen
Mervelier,6,Solothurn
Merzligen,5,Bern
Mesocco,25,Lugano
Messen,6,Solothurn
Mettauertal,21,Aarau
Mettembert,14,Delémont
Mettmenstetten,9,Zürich
Metzerlen-Mariastein,2,Basel
Mex (VD),20,Lausanne
Meyriez,17,Fribourg
Meyrin,8,Genève
Mezzovico-Vira,25,Lugano
Mies,20,Lausanne
Miglieglia,25,Lugano
Milvignes,23,La Chaux-de-Fonds
Minusio,25,Lugano
Mirchel,5,Bern
Misery-Courtion,17,Fribourg
Missy,17,Fribourg
Miège,7,Sion
Moiry,20,Lausanne
Moleno,25,Lugano
Mollens (VD),20,Lausanne
Mollens (VS),7,Sion
Molondin,17,Fribourg
Mont-Noble,7,Sion
Mont-Tramelan,14,Delémont
Mont-la-Ville,20,Lausanne
Mont-sur-Rolle,20,Lausanne
Montagny (FR),17,Fribourg
Montagny-près-Yverdon,20,Lausanne
Montalchez,23,La Chaux-de-Fonds
Montana,7,Sion
Montanaire,20,Lausanne
Montcherand,20,Lausanne
Monte Carasso,25,Lugano
Monteceneri,25,Lugano
Monteggio,25,Lugano
Montet (Glâne),20,Lausanne
Montfaucon,14,Delémont
Montherod,20,Lausanne
Monthey,7,Sion
Montilliez,20,Lausanne
Montpreveyres,20,Lausanne
Montreux,20,Lausanne
Montricher,20,Lausanne
Moosleerau,21,Aarau
Moosseedorf,5,Bern
Morbio Inferiore,25,Lugano
Morcote,25,Lugano
Morens (FR),17,Fribourg
Morges,20,Lausanne
Morlon,17,Fribourg
Morrens (VD),20,Lausanne
Morschach,22,Rapperswil-Jona
Mosnang,9,Zürich
Mosogno,25,Lugano
Moudon,20,Lausanne
Moutier,14,Delémont
Movelier,14,Delémont
Muhen,21,Aarau
Mulegns,11,Chur
Mumpf,2,Basel
Mundaun,11,Chur
Muntelier,17,Fribourg
Muolen,19,Wil (SG)
Muotathal,22,Rapperswil-Jona
Muralto,25,Lugano
Murgenthal,6,Solothurn
Muri (AG),3,Luzern
Muri bei Bern,5,Bern
Muriaux,14,Delémont
Murist,17,Fribourg
Murten,17,Fribourg
Mutrux,23,La Chaux-de-Fonds
Mutten,11,Chur
Muttenz,2,Basel
Muzzano,25,Lugano
Mägenwil,21,Aarau
Männedorf,9,Zürich
Märstetten,19,Wil (SG)
Ménières,17,Fribourg
Mézières (FR),17,Fribourg
Mézières (VD),20,Lausanne
Möhlin,2,Basel
Mönchaltorf,9,Zürich
Mönthal,21,Aarau
Mörel-Filet,7,Sion
Mörigen,5,Bern
Möriken-Wildegg,21,Aarau
Mörschwil,15,St. Gallen
Mötschwil (Urne commune),5,Bern
Mühlau,3,Luzern
Mühleberg,5,Bern
Mühledorf (BE),5,Bern
Mühlethurnen,5,Bern
Müllheim,19,Wil (SG)
Mülligen,21,Aarau
Mümliswil-Ramiswil,6,Solothurn
Münchenbuchsee,5,Bern
Münchenstein,2,Basel
Münchenwiler (Urne commune),17,Fribourg
Münchwilen (AG),21,Aarau
Münchwilen (TG),19,Wil (SG)
Münsingen,5,Bern
Münster-Geschinen,12,Altdorf (UR)
Münsterlingen,19,Wil (SG)
Müntschemier,5,Bern
Naters,7,Sion
Nebikon,3,Luzern
Neckertal,15,St. Gallen
Neerach,9,Zürich
Neftenbach,9,Zürich
Neggio,25,Lugano
Nendaz,7,Sion
Nenzlingen,2,Basel
Nesslau,15,St. Gallen
Neuchâtel,23,La Chaux-de-Fonds
Neuendorf,6,Solothurn
Neuenegg,5,Bern
Neuenhof,9,Zürich
Neuenkirch,3,Luzern
Neuhausen am Rheinfall,18,Schaffhausen
Neuheim,9,Zürich
Neunforn,9,Zürich
Neunkirch,18,Schaffhausen
Neyruz (FR),17,Fribourg
Nidau,5,Bern
Niederbipp,6,Solothurn
Niederbuchsiten,6,Solothurn
Niederbüren,19,Wil (SG)
Niederdorf,2,Basel
Niedergesteln,7,Sion
Niederglatt,9,Zürich
Niedergösgen,21,Aarau
Niederhasli,9,Zürich
Niederhelfenschwil,19,Wil (SG)
Niederhünigen,5,Bern
Niederlenz,21,Aarau
Niedermuhlern (Urne commune),5,Bern
Niederried bei Interlaken,5,Bern
Niederrohrdorf,21,Aarau
Niederwald,7,Sion
Niederweningen,9,Zürich
Niederwil (AG),21,Aarau
Niederönz,6,Solothurn
Niederösch (Urne commune),6,Solothurn
Nods,14,Delémont
Noflen (Urne commune),5,Bern
Noréaz,17,Fribourg
Nottwil,3,Luzern
Novaggio,25,Lugano
Novalles,20,Lausanne
Novazzano,25,Lugano
Noville,7,Sion
Nufenen,25,Lugano
Nuglar-St. Pantaleon,2,Basel
Nunningen,2,Basel
Nusshof,2,Basel
Nuvilly,17,Fribourg
Nyon,20,Lausanne
Nürensdorf,9,Zürich
Oberbalm,5,Bern
Oberbipp,6,Solothurn
Oberbuchsiten,6,Solothurn
Oberburg,5,Bern
Oberbüren,19,Wil (SG)
Oberdiessbach,5,Bern
Oberdorf (BL),2,Basel
Oberdorf (NW),3,Luzern
Oberdorf (SO),6,Solothurn
Oberegg,15,St. Gallen
Oberembrach,9,Zürich
Oberems,7,Sion
Oberengstringen,9,Zürich
Oberentfelden,21,Aarau
Obergerlafingen,6,Solothurn
Oberglatt,9,Zürich
Obergoms,12,Altdorf (UR)
Obergösgen,21,Aarau
Oberhallau,18,Schaffhausen
Oberhelfenschwil,15,St. Gallen
Oberhof,21,Aarau
Oberhofen am Thunersee,5,Bern
Oberhünigen,5,Bern
Oberiberg,22,Rapperswil-Jona
Oberkirch,3,Luzern
Oberkulm,21,Aarau
Oberlangenegg,5,Bern
Oberlunkhofen,21,Aarau
Obermumpf,2,Basel
Oberried am Brienzersee,5,Bern
Oberrieden,9,Zürich
Oberriet (SG),15,St. Gallen
Oberrohrdorf,21,Aarau
Oberrüti,3,Luzern
Obersaxen,11,Chur
Oberschrot,17,Fribourg
Obersiggenthal,21,Aarau
Oberstammheim,19,Wil (SG)
Obersteckholz,5,Bern
Oberthal,5,Bern
Oberuzwil,19,Wil (SG)
Oberweningen,9,Zürich
Oberwil (BL),2,Basel
Oberwil bei Büren,6,Solothurn
Oberwil im Simmental,5,Bern
Oberwil-Lieli,21,Aarau
Oberägeri,22,Rapperswil-Jona
Oberösch (Urne commune),6,Solothurn
Obfelden,3,Luzern
Ochlenberg,5,Bern
Oekingen,6,Solothurn
Oensingen,6,Solothurn
Oeschenbach,5,Bern
Oeschgen,21,Aarau
Oetwil am See,9,Zürich
Oetwil an der Limmat,9,Zürich
Oftringen,6,Solothurn
Ogens,20,Lausanne
Ollon,7,Sion
Olsberg,2,Basel
Olten,2,Basel
Oltingen,2,Basel
Onex,8,Genève
Onnens (VD),23,La Chaux-de-Fonds
Onsernone,25,Lugano
Opfikon,9,Zürich
Oppens,20,Lausanne
Oppligen,5,Bern
Orbe,20,Lausanne
Orges,20,Lausanne
Origlio,25,Lugano
Ormalingen,2,Basel
Ormont-Dessous,7,Sion
Ormont-Dessus,7,Sion
Orny,20,Lausanne
Oron,20,Lausanne
Orpund,5,Bern
Orselina,25,Lugano
Orsières,7,Sion
Orvin,14,Delémont
Orzens,20,Lausanne
Osogna,25,Lugano
Ossingen,9,Zürich
Ostermundigen,5,Bern
Otelfingen,9,Zürich
Othmarsingen,21,Aarau
Ottenbach,21,Aarau
Oulens-sous-Echallens,20,Lausanne
Pailly,20,Lausanne
Pampigny,20,Lausanne
Paradiso,25,Lugano
Paudex,20,Lausanne
Payerne,17,Fribourg
Penthalaz,20,Lausanne
Penthaz,20,Lausanne
Penthéréaz,20,Lausanne
Perly-Certoux,8,Genève
Perrefitte,14,Delémont
Perroy,20,Lausanne
Personico,25,Lugano
Peseux,23,La Chaux-de-Fonds
Petit-Val,14,Delémont
Pfaffnau,6,Solothurn
Pfeffingen,2,Basel
Pfungen,9,Zürich
Pfyn,19,Wil (SG)
Pfäfers,11,Chur
Pfäffikon,9,Zürich
Pianezzo,25,Lugano
Pierrafortscha,17,Fribourg
Pieterlen,5,Bern
Plaffeien,17,Fribourg
Plan-les-Ouates,8,Genève
Plasselb,17,Fribourg
Plateau de Diesse,5,Bern
Pleigne,14,Delémont
Pohlern,5,Bern
Poliez-Pittet,20,Lausanne
Pollegio,25,Lugano
Pompaples,20,Lausanne
Pomy,20,Lausanne
Pont-en-Ogoz,17,Fribourg
Pont-la-Ville,17,Fribourg
Ponte Capriasca,25,Lugano
Ponte Tresa,25,Lugano
Ponthaux,17,Fribourg
Pontresina,11,Chur
Porrentruy,14,Delémont
Port,5,Bern
Port-Valais,7,Sion
Porza,25,Lugano
Poschiavo,11,Chur
Prangins,20,Lausanne
Prato (Leventina),25,Lugano
Pratteln,2,Basel
Pregny-Chambésy,8,Genève
Premier,20,Lausanne
Preonzo,25,Lugano
Presinge,8,Genève
Prez-vers-Noréaz,17,Fribourg
Prilly,20,Lausanne
Provence,23,La Chaux-de-Fonds
Préverenges,20,Lausanne
Prévondavaux,20,Lausanne
Prévonloup,17,Fribourg
Puidoux,20,Lausanne
Pully,20,Lausanne
Puplinge,8,Genève
Pura,25,Lugano
Péry-La Heutte,14,Delémont
Quarten,15,St. Gallen
Quinto,25,Lugano
Radelfingen,5,Bern
Rafz,9,Zürich
Rain,3,Luzern
Ramlinsburg,2,Basel
Ramsen,19,Wil (SG)
Rances,20,Lausanne
Randa,7,Sion
Randogne,7,Sion
Raperswilen,19,Wil (SG)
Rapperswil (BE),5,Bern
Rapperswil-Jona,22,Rapperswil-Jona
Raron,7,Sion
Realp,12,Altdorf (UR)
Rebeuvelier,14,Delémont
Rebstein,15,St. Gallen
Rebévelier,14,Delémont
Recherswil,6,Solothurn
Rechthalten,17,Fribourg
Reckingen-Gluringen,7,Sion
Reconvilier,14,Delémont
Regensberg,9,Zürich
Regensdorf,9,Zürich
Rehetobel,15,St. Gallen
Reichenbach im Kandertal,5,Bern
Reichenburg,15,St. Gallen
Reiden,3,Luzern
Reigoldswil,2,Basel
Reinach (AG),21,Aarau
Reinach (BL),2,Basel
Reisiswil,5,Bern
Reitnau,21,Aarau
Rekingen (AG),21,Aarau
Remaufens,20,Lausanne
Remetschwil,21,Aarau
Remigen,21,Aarau
Renan (BE),23,La Chaux-de-Fonds
Renens (VD),20,Lausanne
Rennaz,7,Sion
Reute (AR),15,St. Gallen
Reutigen,5,Bern
Reverolle,20,Lausanne
Rheinau,9,Zürich
Rheineck,15,St. Gallen
Rheinfelden,2,Basel
Rhäzüns,11,Chur
Riaz,17,Fribourg
Richterswil,22,Rapperswil-Jona
Rickenbach (BL),2,Basel
Rickenbach (LU),21,Aarau
Rickenbach (SO),2,Basel
Rickenbach (TG),19,Wil (SG)
Rickenbach (ZH),9,Zürich
Riddes,7,Sion
Ried bei Kerzers,17,Fribourg
Ried-Brig,7,Sion
Riederalp,7,Sion
Riedholz,6,Solothurn
Riehen,2,Basel
Riemenstalden,12,Altdorf (UR)
Rietheim,21,Aarau
Rifferswil,9,Zürich
Riggisberg,5,Bern
Ringgenberg (BE),5,Bern
Riniken,21,Aarau
Riom-Parsonz,11,Chur
Risch,3,Luzern
Riva San Vitale,25,Lugano
Rivaz,20,Lausanne
Roche (VD),7,Sion
Rochefort,23,La Chaux-de-Fonds
Roches (BE),14,Delémont
Rocourt,14,Delémont
Rodersdorf,2,Basel
Roggenburg,14,Delémont
Roggliswil,3,Luzern
Roggwil (BE),6,Solothurn
Roggwil (TG),15,St. Gallen
Rohr (SO),2,Basel
Rohrbach,5,Bern
Rohrbachgraben,5,Bern
Rolle,20,Lausanne
Romainmôtier-Envy,20,Lausanne
Romanel-sur-Lausanne,20,Lausanne
Romanel-sur-Morges,20,Lausanne
Romanshorn,19,Wil (SG)
Romont (BE),14,Delémont
Romont (FR),17,Fribourg
Romoos,3,Luzern
Ronco sopra Ascona,25,Lugano
Rongellen,11,Chur
Root,3,Luzern
Ropraz,20,Lausanne
Rorbas,9,Zürich
Rorschach,15,St. Gallen
Rorschacherberg,15,St. Gallen
Rossa,25,Lugano
Rossemaison,14,Delémont
Rossenges,20,Lausanne
Rossens (FR),17,Fribourg
Rossinière,17,Fribourg
Rothenbrunnen,11,Chur
Rothenburg,3,Luzern
Rothenfluh,2,Basel
Rothenthurm,22,Rapperswil-Jona
Rothrist,2,Basel
Rottenschwil,21,Aarau
Rougemont,17,Fribourg
Roveredo (GR),25,Lugano
Rovio,25,Lugano
Rovray,17,Fribourg
Rubigen,5,Bern
Rudolfstetten-Friedlisberg,21,Aarau
Rue,20,Lausanne
Rueyres,20,Lausanne
Rueyres-les-Prés,17,Fribourg
Rumendingen,6,Solothurn
Rumisberg,6,Solothurn
Rupperswil,21,Aarau
Russikon,9,Zürich
Russin,8,Genève
Russy,17,Fribourg
Ruswil,3,Luzern
Römerswil,3,Luzern
Röschenz,2,Basel
Röthenbach im Emmental,5,Bern
Rüderswil,5,Bern
Rüdlingen,9,Zürich
Rüdtligen-Alchenflüh,6,Solothurn
Rüeggisberg,5,Bern
Rüegsau,5,Bern
Rüfenach,21,Aarau
Rümikon,21,Aarau
Rümlang,9,Zürich
Rümligen,5,Bern
Rümlingen,2,Basel
Rünenberg,2,Basel
Rüschegg,5,Bern
Rüschlikon,9,Zürich
Rüte,15,St. Gallen
Rüthi (SG),15,St. Gallen
Rüti (ZH),9,Zürich
Rüti bei Büren,6,Solothurn
Rüti bei Lyssach (Urne commune),5,Bern
Rütschelen,5,Bern
Rüttenen,6,Solothurn
S-chanf,11,Chur
Saanen,17,Fribourg
Saas,11,Chur
Saas-Almagell,7,Sion
Saas-Balen,7,Sion
Saas-Fee,7,Sion
Saas-Grund,7,Sion
Sachseln,3,Luzern
Safenwil,21,Aarau
Safiental,11,Chur
Safnern,5,Bern
Sagogn,11,Chur
Saicourt,14,Delémont
Saignelégier,14,Delémont
Saillon,7,Sion
Saint-Aubin (FR),17,Fribourg
Saint-Aubin-Sauges,23,La Chaux-de-Fonds
Saint-Barthélemy (VD),20,Lausanne
Saint-Blaise,23,La Chaux-de-Fonds
Saint-Brais,14,Delémont
Saint-Cergue,20,Lausanne
Saint-George,20,Lausanne
Saint-Gingolph,7,Sion
Saint-Imier,23,La Chaux-de-Fonds
Saint-Livres,20,Lausanne
Saint-Légier-La Chiésaz,20,Lausanne
Saint-Léonard,7,Sion
Saint-Martin (FR),20,Lausanne
Saint-Martin (VS),7,Sion
Saint-Maurice,7,Sion
Saint-Oyens,20,Lausanne
Saint-Prex,20,Lausanne
Saint-Saphorin (Lavaux),20,Lausanne
Saint-Sulpice (VD),20,Lausanne
Sainte-Croix,20,Lausanne
Salenstein,19,Wil (SG)
Salgesch,7,Sion
Salmsach,19,Wil (SG)
Salouf,11,Chur
Salvan,7,Sion
Salvenach,17,Fribourg
Samedan,11,Chur
Samnaun,11,Chur
San Vittore,25,Lugano
Sant'Antonino,25,Lugano
Sant'Antonio,25,Lugano
Santa Maria in Calanca,25,Lugano
Sargans,15,St. Gallen
Sarmenstorf,21,Aarau
Sarnen,3,Luzern
Sarzens,17,Fribourg
Satigny,8,Genève
Sattel,22,Rapperswil-Jona
Saubraz,20,Lausanne
Sauge,5,Bern
Saulcy,14,Delémont
Saules (BE),14,Delémont
Savigny,20,Lausanne
Savièse,7,Sion
Savognin,11,Chur
Savosa,25,Lugano
Saxeten,5,Bern
Saxon,7,Sion
Schaffhausen,18,Schaffhausen
Schafisheim,21,Aarau
Schangnau,5,Bern
Scharans,11,Chur
Schattdorf,12,Altdorf (UR)
Schattenhalb,5,Bern
Schelten,6,Solothurn
Schenkon,3,Luzern
Scherz,21,Aarau
Scheuren,5,Bern
Schiers,11,Chur
Schinznach,21,Aarau
Schinznach-Bad,21,Aarau
Schlatt (TG),18,Schaffhausen
Schlatt (ZH),9,Zürich
Schlatt-Haslen,15,St. Gallen
Schleinikon,9,Zürich
Schleitheim,18,Schaffhausen
Schlierbach,3,Luzern
Schlieren,9,Zürich
Schlossrued,21,Aarau
Schlosswil,5,Bern
Schluein,11,Chur
Schmerikon,15,St. Gallen
Schmiedrued,21,Aarau
Schmitten (FR),17,Fribourg
Schmitten (GR),11,Chur
Schneisingen,21,Aarau
Schnottwil,5,Bern
Schongau,21,Aarau
Schupfart,21,Aarau
Schwaderloch,21,Aarau
Schwadernau,5,Bern
Schwanden bei Brienz,3,Luzern
Schwarzenberg,3,Luzern
Schwarzenburg,5,Bern
Schwarzhäusern,6,Solothurn
Schwellbrunn,15,St. Gallen
Schwende,15,St. Gallen
Schwendibach,5,Bern
Schwerzenbach,9,Zürich
Schwyz,22,Rapperswil-Jona
Schänis,15,St. Gallen
Schöfflisdorf,9,Zürich
Schöftland,21,Aarau
Schönenberg (ZH),9,Zürich
Schönenbuch,2,Basel
Schönengrund,15,St. Gallen
Schönenwerd,21,Aarau
Schönholzerswilen,19,Wil (SG)
Schötz,3,Luzern
Schübelbach,15,St. Gallen
Schüpfen,5,Bern
Schüpfheim,3,Luzern
Scuol,11,Chur
Seeberg,6,Solothurn
Seedorf (BE),5,Bern
Seedorf (UR),12,Altdorf (UR)
Seegräben,9,Zürich
Seehof,6,Solothurn
Seelisberg,12,Altdorf (UR)
Seengen,21,Aarau
Seewen,2,Basel
Seewis im Prättigau,11,Chur
Seftigen,5,Bern
Seltisberg,2,Basel
Selzach,6,Solothurn
Sembrancher,7,Sion
Sementina,25,Lugano
Sempach,3,Luzern
Semsales,17,Fribourg
Senarclens,20,Lausanne
Sennwald,15,St. Gallen
Senèdes,17,Fribourg
Seon,21,Aarau
Sergey,20,Lausanne
Serravalle,25,Lugano
Servion,20,Lausanne
Sessa,25,Lugano
Seuzach,9,Zürich
Sevelen,15,St. Gallen
Siblingen,18,Schaffhausen
Sierre,7,Sion
Siglistorf,21,Aarau
Signau,5,Bern
Signy-Avenex,20,Lausanne
Sigriswil,5,Bern
Silenen,12,Altdorf (UR)
Sils im Domleschg,11,Chur
Sils im Engadin/Segl,11,Chur
Silvaplana,11,Chur
Simplon,7,Sion
Sins,3,Luzern
Sion,7,Sion
Sirnach,19,Wil (SG)
Siselen,5,Bern
Sisikon,12,Altdorf (UR)
Sissach,2,Basel
Sisseln,21,Aarau
Siviriez,17,Fribourg
Soazza,25,Lugano
Sobrio,25,Lugano
Solothurn,6,Solothurn
Sommeri,19,Wil (SG)
Sonceboz-Sombeval,14,Delémont
Sonogno,25,Lugano
Sonvilier,23,La Chaux-de-Fonds
Soral,8,Genève
Sorengo,25,Lugano
Sorens,17,Fribourg
Sorvilier,14,Delémont
Soubey,14,Delémont
Soyhières,14,Delémont
Speicher,15,St. Gallen
Spiez,5,Bern
Spiringen,12,Altdorf (UR)
Splügen,25,Lugano
Spreitenbach,9,Zürich
St. Antoni,5,Bern
St. Antönien,11,Chur
St. Gallen,15,St. Gallen
St. Margrethen,15,St. Gallen
St. Moritz,11,Chur
St. Niklaus,7,Sion
St. Silvester,17,Fribourg
St. Stephan,5,Bern
St. Ursen,17,Fribourg
Stabio,25,Lugano
Stadel,9,Zürich
Staffelbach,21,Aarau
Stalden (VS),7,Sion
Staldenried,7,Sion
Stallikon,9,Zürich
Stans,3,Luzern
Stansstad,3,Luzern
Starrkirch-Wil,6,Solothurn
Staufen,21,Aarau
Steckborn,19,Wil (SG)
Steffisburg,5,Bern
Steg-Hohtenn,7,Sion
Stein (AG),21,Aarau
Stein (AR),15,St. Gallen
Stein am Rhein,19,Wil (SG)
Steinach,15,St. Gallen
Steinen,22,Rapperswil-Jona
Steinerberg,22,Rapperswil-Jona
Steinhausen,9,Zürich
Steinmaur,9,Zürich
Stetten (AG),21,Aarau
Stetten (SH),18,Schaffhausen
Stettfurt,19,Wil (SG)
Stettlen,5,Bern
Stocken-Höfen,5,Bern
Strengelbach,6,Solothurn
Studen (BE),5,Bern
Stäfa,9,Zürich
Stüsslingen,2,Basel
Subingen,6,Solothurn
Suchy,20,Lausanne
Sufers,11,Chur
Suhr,21,Aarau
Sulgen,19,Wil (SG)
Sullens,20,Lausanne
Sumiswald,5,Bern
Sumvitg,11,Chur
Sur,11,Chur
Surpierre,20,Lausanne
Sursee,3,Luzern
Suscévaz,20,Lausanne
Sutz-Lattrigen,5,Bern
Syens,20,Lausanne
Sâles,17,Fribourg
Sévaz,17,Fribourg
Sévery,20,Lausanne
Tafers,17,Fribourg
Tamins,11,Chur
Tannay,20,Lausanne
Tartegnin,20,Lausanne
Tavannes,14,Delémont
Tecknau,2,Basel
Tegerfelden,21,Aarau
Tenero-Contra,25,Lugano
Tenniken,2,Basel
Tentlingen,17,Fribourg
Termen,7,Sion
Terre di Pedemonte,25,Lugano
Teufen (AR),15,St. Gallen
Teufenthal (AG),21,Aarau
Teuffenthal (BE),5,Bern
Thal,15,St. Gallen
Thalheim (AG),21,Aarau
Thalheim an der Thur,9,Zürich
Thalwil,9,Zürich
Thayngen,18,Schaffhausen
Therwil,2,Basel
Thierachern,5,Bern
Thun,5,Bern
Thundorf,19,Wil (SG)
Thunstetten,6,Solothurn
Thusis,11,Chur
Thônex,8,Genève
Thörigen,6,Solothurn
Thürnen,2,Basel
Tinizong-Rona,11,Chur
Titterten,2,Basel
Tobel-Tägerschen,19,Wil (SG)
Toffen,5,Bern
Tolochenaz,20,Lausanne
Torny,17,Fribourg
Torricella-Taverne,25,Lugano
Trachselwald,5,Bern
Tramelan,14,Delémont
Trasadingen,18,Schaffhausen
Treiten,5,Bern
Trey,17,Fribourg
Treycovagnes,20,Lausanne
Treytorrens (Payerne),17,Fribourg
Treyvaux,17,Fribourg
Triengen,3,Luzern
Trient,7,Sion
Trimbach,2,Basel
Trimmis,11,Chur
Trin,11,Chur
Trogen,15,St. Gallen
Troinex,8,Genève
Troistorrents,7,Sion
Trub,5,Bern
Trubschachen,5,Bern
Trun,11,Chur
Truttikon,9,Zürich
Trélex,20,Lausanne
Trüllikon,9,Zürich
Tschappina,11,Chur
Tschiertschen-Praden,11,Chur
Tschugg,5,Bern
Tuggen,15,St. Gallen
Tujetsch,12,Altdorf (UR)
Turbenthal,9,Zürich
Turgi,21,Aarau
Turtmann-Unterems,7,Sion
Twann-Tüscherz,5,Bern
Tägerig,21,Aarau
Tägertschi,5,Bern
Tägerwilen,19,Wil (SG)
Täsch,7,Sion
Täuffelen,5,Bern
Tévenon,23,La Chaux-de-Fonds
Törbel,7,Sion
Tübach,15,St. Gallen
Udligenswil,3,Luzern
Ueberstorf,5,Bern
Uebeschi,5,Bern
Ueken,21,Aarau
Uerkheim,21,Aarau
Uesslingen-Buch,9,Zürich
Uetendorf,5,Bern
Uetikon am See,9,Zürich
Uezwil,21,Aarau
Ufhusen,5,Bern
Uitikon,9,Zürich
Ulmiz,17,Fribourg
Unterbäch,7,Sion
Untereggen,15,St. Gallen
Unterengstringen,9,Zürich
Unterentfelden,21,Aarau
Unteriberg,22,Rapperswil-Jona
Unterkulm,21,Aarau
Unterlangenegg,5,Bern
Unterlunkhofen,21,Aarau
Unterramsern,6,Solothurn
Unterschächen,12,Altdorf (UR)
Unterseen,5,Bern
Untersiggenthal,21,Aarau
Unterstammheim,18,Schaffhausen
Untervaz,11,Chur
Unterägeri,22,Rapperswil-Jona
Urdorf,9,Zürich
Urmein,11,Chur
Urnäsch,15,St. Gallen
Ursenbach,5,Bern
Ursins,20,Lausanne
Ursy,20,Lausanne
Urtenen-Schönbühl,5,Bern
Uster,9,Zürich
Uttigen,5,Bern
Uttwil,19,Wil (SG)
Utzenstorf,6,Solothurn
Uznach,15,St. Gallen
Uzwil,19,Wil (SG)
Vacallo,25,Lugano
Val Müstair,11,Chur
Val Terbi,6,Solothurn
Val-d'Illiez,7,Sion
Val-de-Charmey,17,Fribourg
Val-de-Ruz,23,La Chaux-de-Fonds
Val-de-Travers,23,La Chaux-de-Fonds
Valangin,23,La Chaux-de-Fonds
Valbirse,14,Delémont
Valbroye,17,Fribourg
Valeyres-sous-Montagny,20,Lausanne
Valeyres-sous-Rances,20,Lausanne
Valeyres-sous-Ursins,20,Lausanne
Vallon,17,Fribourg
Vallorbe,20,Lausanne
Vals,25,Lugano
Valsot,11,Chur
Vandoeuvres,8,Genève
Varen,7,Sion
Vaulion,20,Lausanne
Vaulruz,17,Fribourg
Vaumarcus,23,La Chaux-de-Fonds
Vaux-sur-Morges,20,Lausanne
Vaz/Obervaz,11,Chur
Vechigen,5,Bern
Vellerat,14,Delémont
Veltheim (AG),21,Aarau
Vendlincourt,14,Delémont
Venthône,7,Sion
Verdabbio,25,Lugano
Vergeletto,25,Lugano
Vernate,25,Lugano
Vernay,17,Fribourg
Vernayaz,7,Sion
Vernier,8,Genève
Versoix,8,Genève
Vevey,20,Lausanne
Vex,7,Sion
Veyras,7,Sion
Veyrier,8,Genève
Veysonnaz,7,Sion
Veytaux,17,Fribourg
Vezia,25,Lugano
Vich,20,Lausanne
Vico Morcote,25,Lugano
Villarepos,17,Fribourg
Villars-Epeney,20,Lausanne
Villars-Sainte-Croix,20,Lausanne
Villars-le-Comte,20,Lausanne
Villars-le-Terroir,20,Lausanne
Villars-sous-Yens,20,Lausanne
Villars-sur-Glâne,17,Fribourg
Villarsel-sur-Marly,17,Fribourg
Villarzel,17,Fribourg
Villaz-Saint-Pierre,17,Fribourg
Villeneuve (FR),20,Lausanne
Villeneuve (VD),7,Sion
Villeret,14,Delémont
Villigen,21,Aarau
Villmergen,21,Aarau
Villnachern,21,Aarau
Villorsonnens,17,Fribourg
Vilters-Wangs,15,St. Gallen
Vinelz,5,Bern
Vinzel,20,Lausanne
Vionnaz,7,Sion
Visp,7,Sion
Visperterminen,7,Sion
Vitznau,3,Luzern
Vogorno,25,Lugano
Volken,9,Zürich
Volketswil,9,Zürich
Vollèges,7,Sion
Vordemwald,6,Solothurn
Vorderthal,22,Rapperswil-Jona
Vouvry,7,Sion
Vuadens,17,Fribourg
Vuarrens,20,Lausanne
Vucherens,20,Lausanne
Vufflens-la-Ville,20,Lausanne
Vufflens-le-Château,20,Lausanne
Vugelles-La Mothe,20,Lausanne
Vuissens,17,Fribourg
Vuisternens-devant-Romont,17,Fribourg
Vuisternens-en-Ogoz,17,Fribourg
Vuiteboeuf,20,Lausanne
Vulliens,20,Lausanne
Vullierens,20,Lausanne
Vully-les-Lacs,17,Fribourg
Vérossaz,7,Sion
Vétroz,7,Sion
Wachseldorn,5,Bern
Wagenhausen,19,Wil (SG)
Wahlen,2,Basel
Walchwil,3,Luzern
Wald (AR),15,St. Gallen
Wald (BE) (Urne commune),5,Bern
Wald (ZH),9,Zürich
Waldenburg,2,Basel
Waldkirch,15,St. Gallen
Waldstatt,15,St. Gallen
Walenstadt,15,St. Gallen
Walkringen,5,Bern
Wallbach,2,Basel
Wallenried,17,Fribourg
Wallisellen,9,Zürich
Walliswil bei Niederbipp,6,Solothurn
Walliswil bei Wangen,6,Solothurn
Walperswil,5,Bern
Waltalingen,9,Zürich
Waltensburg/Vuorz,11,Chur
Waltenschwil,21,Aarau
Walterswil (BE),5,Bern
Walterswil (SO),21,Aarau
Walzenhausen,15,St. Gallen
Wangen (SZ),22,Rapperswil-Jona
Wangen an der Aare,6,Solothurn
Wangen bei Olten,2,Basel
Wangen-Brüttisellen,9,Zürich
Wangenried,6,Solothurn
Wartau,15,St. Gallen
Warth-Weiningen,19,Wil (SG)
Wassen,12,Altdorf (UR)
Wasterkingen,9,Zürich
Wattenwil,5,Bern
Wattwil,15,St. Gallen
Wauwil,3,Luzern
Weesen,15,St. Gallen
Wegenstetten,21,Aarau
Weggis,3,Luzern
Weiach,9,Zürich
Weinfelden,19,Wil (SG)
Weiningen (ZH),9,Zürich
Weisslingen,9,Zürich
Welschenrohr,6,Solothurn
Wengi,5,Bern
Wenslingen,2,Basel
Werthenstein,3,Luzern
Wettingen,21,Aarau
Wettswil am Albis,9,Zürich
Wetzikon (ZH),9,Zürich
Wichtrach,5,Bern
Widen,21,Aarau
Widnau,15,St. Gallen
Wiedlisbach,6,Solothurn
Wiesendangen,9,Zürich
Wiggiswil (Urne commune),5,Bern
Wigoltingen,19,Wil (SG)
Wikon,21,Aarau
Wil (SG),19,Wil (SG)
Wil (ZH),9,Zürich
Wila,9,Zürich
Wilchingen,18,Schaffhausen
Wildberg,9,Zürich
Wilderswil,5,Bern
Wildhaus-Alt St. Johann,15,St. Gallen
Wilen (TG),19,Wil (SG)
Wiler (Lötschen),7,Sion
Wiler bei Utzenstorf,6,Solothurn
Wileroltigen,5,Bern
Wiliberg,21,Aarau
Willadingen,6,Solothurn
Willisau,3,Luzern
Wimmis,5,Bern
Windisch,21,Aarau
Winkel,9,Zürich
Wintersingen,2,Basel
Winterthur,9,Zürich
Winznau,2,Basel
Wisen (SO),2,Basel
Wislikofen,21,Aarau
Wittenbach,15,St. Gallen
Witterswil,2,Basel
Wittinsburg,2,Basel
Wittnau,21,Aarau
Wohlen (AG),21,Aarau
Wohlen bei Bern,5,Bern
Wohlenschwil,21,Aarau
Wolfenschiessen,3,Luzern
Wolfhalden,15,St. Gallen
Wolfisberg,6,Solothurn
Wolfwil,6,Solothurn
Wolhusen,3,Luzern
Wollerau,22,Rapperswil-Jona
Worb,5,Bern
Worben,5,Bern
Wuppenau,19,Wil (SG)
Wynau,6,Solothurn
Wynigen,5,Bern
Wyssachen,5,Bern
Wädenswil,9,Zürich
Wäldi,19,Wil (SG)
Wängi,19,Wil (SG)
Wölflinswil,21,Aarau
Wünnewil-Flamatt,5,Bern
Würenlingen,21,Aarau
Würenlos,9,Zürich
Yens,20,Lausanne
Yverdon-les-Bains,20,Lausanne
Yvonand,20,Lausanne
Yvorne,7,Sion
Zeglingen,2,Basel
Zeihen,21,Aarau
Zeiningen,2,Basel
Zell (LU),3,Luzern
Zell (ZH),9,Zürich
Zeneggen,7,Sion
Zermatt,7,Sion
Zernez,11,Chur
Zetzwil,21,Aarau
Ziefen,2,Basel
Zielebach,6,Solothurn
Zihlschlacht-Sitterdorf,19,Wil (SG)
Zillis-Reischen,11,Chur
Zizers,11,Chur
Zofingen,21,Aarau
Zollikofen,5,Bern
Zollikon,9,Zürich
Zuchwil,6,Solothurn
Zufikon,21,Aarau
Zug,3,Luzern
Zullwil,2,Basel
Zumholz,17,Fribourg
Zumikon,9,Zürich
Zunzgen,2,Basel
Zuoz,11,Chur
Zuzgen,2,Basel
Zuzwil (BE),5,Bern
Zuzwil (SG),19,Wil (SG)
Zweisimmen,5,Bern
Zwieselberg,5,Bern
Zwingen,2,Basel
Zwischbergen,7,Sion
Zäziwil,5,Bern
Zürich,9,Zürich
